"ID","Clee","Nombre de la Unidad Económica","Razón social","Código de la clase de actividad SCIAN","Nombre de clase de la actividad","Descripcion estrato personal ocupado","Tipo de vialidad","Nombre de la vialidad","Tipo de entre vialidad 1","Nombre de entre vialidad 1","Tipo de entre vialidad 2","Nombre de entre vialidad 2","Tipo de entre vialidad 3","Nombre de entre vialidad 3","Número exterior o kilómetro","Letra exterior","Edificio","Edificio Piso","Número interior","Letra interior","Tipo de asentamiento humano","Nombre de asentamiento humano","Tipo centro comercial","Corredor industrial, centro comercial o mercado público","Número de local","Código Postal","Clave entidad","Entidad federativa","Clave municipio","Municipio","Clave localidad","Localidad","Área geoestadística básica ","Manzana","Número de teléfono","Correo electrónico","Sitio en Internet","Tipo de establecimiento","Latitud","Longitud","Fecha de incorporación al DENUE"
"32758","01001311922000022000000000U0","CAFE ORIGEN","PRODUCTOS Y SERVICIOS ORIGEN SA DE CV","311922","Elaboración de café tostado y molido","6 a 10 personas","AVENIDA","LAS AMERICAS","CALLE","DOCTOR E. GONZALEZ MEDINA","CALLE","REPUBLICA MEXICANA","CALLE","REPÚBLICA DEL SALVADOR","1701",,"CENTRO Y PLAZA COMERCIAL","PLANTA BAJA","19",,"FRACCIONAMIENTO","EL DORADO","CENTRO Y PLAZA COMERCIAL","CENTRO COMERCIAL EL DORADO","19","20235","01","AGUASCALIENTES","001","Aguascalientes","0001","Aguascalientes","2070","003",,"VENTAS@CAFEORIGEN.COM","WWW.CAFEORIGEN.COM","Fijo","21.86240925","-102.30545208","2014-12"
"9312978","01001311922000041000000000U0","CAFE ORIGEN","PRODUCTOS Y SERVICIOS ORIGEN SA DE CV","311922","Elaboración de café tostado y molido","0 a 5 personas","AVENIDA","GUADALUPE GONZALEZ","AVENIDA","AGUASCALIENTES PONIENTE","AVENIDA","UNIVERSIDAD","OTRO (ESPECIFIQUE)","SIN REFERENCIA",,"SN",,"PLANTA BAJA",,,"FRACCIONAMIENTO","BOSQUES DEL PRADO SUR","OTRO CONGLOMERADO","CAFETERIA SUR",,"20130","01","AGUASCALIENTES","001","Aguascalientes","0001","Aguascalientes","1960","029",,,,"Fijo","21.90958137","-102.31486113","2020-11"
"6905908","01001311812004791000000000U9","CAFE REMEMBRANZAS",,"311812","Panificación tradicional","0 a 5 personas","CALLE","SIERRA NEVADA","AVENIDA","UNIVERSIDAD","CALLE","MONTE EVEREST","CALLE","ANDES APENINOS",,"SN",,,,,"FRACCIONAMIENTO","LOS BOSQUES",,,,"20120","01","AGUASCALIENTES","001","Aguascalientes","0001","Aguascalientes","2259","028","4492058671","REMEBRANZAS.REPOSTERIA@GMAIL.COM",,"Fijo","21.91841998","-102.31282742","2019-11"
"9333711","01001311922000061000000000U8","CAFE ZAZILHA","IMPULSORA Y DESARROLLADORA DE PROYECTOS IRM DE MEXICO SA DE CV","311922","Elaboración de café tostado y molido","0 a 5 personas","CALLE","GALEANA SUR","CALLE","HÉROES DE CHAPULTEPEC","AVENIDA","LICENCIADO ADOLFO LÓPEZ MATEOS PONIENTE","AVENIDA","JOSÉ MARÍA CHÁVEZ","306","A",,,,,"COLONIA","CENTRO",,,,,"01","AGUASCALIENTES","001","Aguascalientes","0001","Aguascalientes","0784","008",,"CAFEDECHIAPAS@HOTMAIL.COM",,"Fijo","21.878113","-102.29688915","2021-05"
"9333713","01001311922000051000000000U9","CAFE ZAZILHA","SOLUCIONES EMPRESARIALES FRC SA DE CV","311922","Elaboración de café tostado y molido","0 a 5 personas","CALLE","GALEANA SUR","CALLE","HÉROES DE CHAPULTEPEC","AVENIDA","LICENCIADO ADOLFO LÓPEZ MATEOS PONIENTE","CALLE","JOSÉ MARÍA CHÁVEZ","306","B",,,,,"COLONIA","CENTRO",,,,,"01","AGUASCALIENTES","001","Aguascalientes","0001","Aguascalientes","0784","008",,"FACTURACIONDESOLUCIONES@HOTMAIL.COM",,"Fijo","21.87795199","-102.29686591","2021-05"
"9387758","01001311922000071000000000U7","CATA CAFE",,"311922","Elaboración de café tostado y molido","0 a 5 personas","CALLE","5 DE MAYO","PEATONAL","ARTEAGA","CALLE","UNION","CALLE","LICENCIADO BENITO JUÁREZ",,"SN",,"PASAJE",,"MODULO IV DE CRISTAL PLANTA BAJA","COLONIA","CENTRO","MERCADO PUBLICO","MERCADO TERAN","MODULO IV","20000","01","AGUASCALIENTES","001","Aguascalientes","0001","Aguascalientes","0515","030","4494565188","CUATROCAFETALLER@GMAIL.COM",,"Fijo","21.88408171","-102.2977684","2022-05"
"6911963","01001311922000031000000000U1","LEPRE COFFEE",,"311922","Elaboración de café tostado y molido","0 a 5 personas","CALLE","PROFESOR ENRIQUE OLIVARES SANTANA","CALLE","EUGENIO ALCALA","PROLONGACION","DIEGO FERNANDEZ VILLA","CALLE","LAURO AGUIRRE","412",,,,,,"FRACCIONAMIENTO","BOULEVARES 1RA SECC",,,,"20288","01","AGUASCALIENTES","001","Aguascalientes","0001","Aguascalientes","2884","014","4499079413","LEPRECOFFEE.INC@GMAIL.COM",,"Fijo","21.85483894","-102.30407215","2019-11"
"6923317","01001311812005391000000000U7","PAN HORNEADO Y CAFE A UN LADO",,"311812","Panificación tradicional","0 a 5 personas","AVENIDA","INDEPENDENCIA","CALLE","MANUEL ÁVILA CAMACHO","CALLE","DOCTOR CARLOS M. LOPEZ","CALLE","JOSÉ BOLADO","621",,,,"0",,"COLONIA","INDUSTRIAL",,,,"20030","01","AGUASCALIENTES","001","Aguascalientes","0001","Aguascalientes","0360","022","4491857693",,,"Fijo","21.89784174","-102.29561286","2019-11"
"7666832","01006311922000011000000000U2","TIENDA DE CAFE 8:00 A.M.",,"311922","Elaboración de café tostado y molido","0 a 5 personas","AVENIDA","FRANCISCO I. MADERO SUR","CALLE","REFORMA","AVENIDA","20 DE NOVIEMBRE","AVENIDA","IRRIGACIÓN","5",,,,,,"BARRIO","CARBONERAS",,,,"20675","01","AGUASCALIENTES","006","Pabellón de Arteaga","0001","Pabellón de Arteaga","0102","022","4491131091",,,"Fijo","22.14768971","-102.27390809","2019-11"
"6398639","01001311922000011112011234S3","CAPSA BODEGA AGUASCALIENTES","CAFE DEL PACIFICO SAPI DE CV","431199","Comercio al por mayor de otros alimentos","51 a 100 personas","CALLE","VIÑEDOS RIVIER","AVENIDA","NINGUNO","CARRETERA","NINGUNO","CALLE","NINGUNO","1809",,,,,,"COLONIA","CENTRO DISTRIBUIDOR DE BÁSICOS VIÑEDOS SAN MARCOS","CENTRAL DE ABASTO","VIÑEDOS SAN MARCOS","231","20908","01","AGUASCALIENTES","005","Jesús María","0121","Frutilandia [Viñedos]","0035","800",,"LEONARDO.CHAVEZ@CAFFENIO.COM",,"Fijo","21.97097361","-102.29340306","2014-12"
"8524937","01001431199000231000054799S7","OFICINAS SIN NOMBRE","CAFE EL MARINO DE JALISCO SA DE CV","431199","Comercio al por mayor de otros alimentos","0 a 5 personas","CALLE","NINGUNO","AVENIDA","LICENCIADO ADOLFO LOPEZ MATEOS ORIENTE","CALLE","CHICHIMECO","AVENIDA","FERROCARRIL",,"SN","CENTRO Y PLAZA COMERCIAL","PLANTA BAJA",,,"COLONIA","LA HUERTA","CENTRO Y PLAZA COMERCIAL","CENTRO COMERCIAL PLAZA AGUASCALIENTES","64 Y 70","20250","01","AGUASCALIENTES","001","Aguascalientes","0001","Aguascalientes","0816","013",,"CAMILO@CAFEMARINO.MX","WWW.CAFEMARINO.COM.MX","Fijo","21.87824028","-102.28031801","2019-11"
"20752","01001561432001351000000000U9","3 W CAFE INTERNET",,"561432","Servicios de acceso a computadoras","0 a 5 personas","CALLE","RIVERO Y GUTIERREZ","PEATONAL","BENITO JUAREZ","CALLE","JOSE MARIA MORELOS Y PAVON","PEATONAL","ALLENDE ORIENTE",,"SN","CENTRO Y PLAZA COMERCIAL","PISO 2","8",,"COLONIA","ZONA CENTRO","CENTRO Y PLAZA COMERCIAL","CENTRO COMERCIAL EL PARIAN","8","20000","01","AGUASCALIENTES","001","Aguascalientes","0001","Aguascalientes","0638","009",,,,"Fijo","21.88350828","-102.29571927","2010-07"
"46047","01001561432006962001000000U8","CAFE E INTERNET JADE",,"561432","Servicios de acceso a computadoras","0 a 5 personas","CALLE","ROGELIO GALINDO DE LA TORRE","CALLE","ALONSO DE ALARCON","CALLE","CRISTOBAL DE MONTORO","AVENIDA","POLIDUCTO","403",,,,,,"FRACCIONAMIENTO","VILLAS DE NUESTRA SEÑORA DE LA ASUNCION (SECTOR GUADALUPE)",,,,"20126","01","AGUASCALIENTES","001","Aguascalientes","0001","Aguascalientes","3045","015","4498962190",,,"Fijo","21.92946643","-102.25925771","2014-12"
"23525","01001561432000281000000000U9","CAFE INTERNET COLIBRI",,"561432","Servicios de acceso a computadoras","0 a 5 personas","CALLE","DOCTOR JESUS DIAZ DE LEON","CALLE","FRANCISCO G. HORNEDO","AVENIDA","LICENCIADO ADOLFO LOPEZ MATEOS PONIENTE","CALLE","16 DE SEPTIEMBRE","204",,,,"0",,"COLONIA","ZONA CENTRO",,,,"20000","01","AGUASCALIENTES","001","Aguascalientes","0001","Aguascalientes","0708","021","4498045463","SIBERDELEON2005@HHOTMAIL.COM",,"Fijo","21.87935148","-102.29386826","2010-07"
"2428","01001561432000221000000000U5","CAFE INTERNET MUNDO-E","CAFE INTERNET MUNDO -E ","561432","Servicios de acceso a computadoras","0 a 5 personas","AVENIDA","CONVENCION DE 1914 NORTE","CALLE","CARLOS SAGREDO","AVENIDA","FUNDICION","CALLE","SAN FRANCISCO","2301",,"CENTRO Y PLAZA COMERCIAL","PLANTA BAJA",,"B11","FRACCIONAMIENTO","SAN CAYETANO","CENTRO Y PLAZA COMERCIAL","PLAZA SAN MARCOS","B11","20010","01","AGUASCALIENTES","001","Aguascalientes","0001","Aguascalientes","0286","034","449963124",,,"Fijo","21.8958221","-102.3102583","2010-07"
"7461391","01005561432000861000000000U9","CAFE INTERNET RIVER SAN",,"561432","Servicios de acceso a computadoras","0 a 5 personas","CALLE","SAN MIGUEL","CALLE","ARCANGELES","PRIVADA","NINGUNO","CALLE","SAN MIGUEL",,"SN",,,,,"COLONIA","SAN MIGUELITO",,,,"20923","01","AGUASCALIENTES","005","Jesús María","0001","Jesús María","0177","012",,,,"Fijo","21.95925415","-102.33110923","2019-11"
"8515021","01001561432009591000000000U2","CAFE-INTERNET Y PAPELERIA SIN NOMBRE",,"561432","Servicios de acceso a computadoras","0 a 5 personas","CERRADA","HACIENDA LOS PORTONES","AVENIDA","PASEO SAN MARTIN","CALLE","PORTON DE SAN JUAN","CERRADA","HACIENDA LOS PORTONES","102",,,,,,"FRACCIONAMIENTO","HACIENDA SAN MARTIN",,,,"20340","01","AGUASCALIENTES","001","Aguascalientes","0001","Aguascalientes","1265","002",,"LUPITA1202@LIVE.COM",,"Fijo","21.79422303","-102.27487792","2019-11"
"48371","01006561432000321000000000U2","CIBER CAFE",,"561432","Servicios de acceso a computadoras","0 a 5 personas","CALLE","INDEPENDENCIA SUR","CALLE","VICENTE GUERRERO","CALLE","ZARAGOZA","CALLE","EDMUNDO GÁMEZ OROZCO SUR","76",,,,,,"COLONIA","PALO ALTO",,,,"20675","01","AGUASCALIENTES","006","Pabellón de Arteaga","0001","Pabellón de Arteaga","0102","019","4659588287","ALBERTOGUZMANJ@OUTLOOOK.ES",,"Fijo","22.14275132","-102.27252153","2014-12"
"47234","01007561432000361000000000U6","CIBER CAFE",,"561432","Servicios de acceso a computadoras","0 a 5 personas","AVENIDA","GENERAL ALVARO OBREGON","CALLE","FRAY BARTOLOME DE LAS CASAS","CALLE","HEROICA VERACRUZ","CALLE","CALPULALPAN","603",,,,"0",,"BARRIO","GUADALPUE",,,,"20400","01","AGUASCALIENTES","007","Rincón de Romos","0001","Rincón de Romos","0222","007","4658514361",,,"Fijo","22.2296821","-102.31526317","2014-12"
"18696","01001561432005941000000000U3","CIBER CAFE",,"561432","Servicios de acceso a computadoras","0 a 5 personas","CALLE","GENERAL MIGUEL BARRAGAN","PRIVADA","MINERVA","CALLE","PEDRO PARGA","CALLE","CALLE DEL SOCORRO","403",,,,,,"COLONIA","ZONA CENTRO",,,,"20000","01","AGUASCALIENTES","001","Aguascalientes","0001","Aguascalientes","0549","009","4495577056",,,"Fijo","21.8873583","-102.28829533","2010-07"
"7163220","01001561432009331000000000U3","CIBER CAFE AZUL",,"561432","Servicios de acceso a computadoras","0 a 5 personas","CALLE","RODRIGO RINCON GALLARDO","CALLE","RODRIGO RINCON GALLARDO 701","CALLE","IGNACIO ORTIZ","CALLE","IGNACIO ORTIZ",,"SN",,,,,"FRACCIONAMIENTO","VILLAS DE NUESTRA SEÑORA DE LA ASUNCION SECTOR ALAMEDA",,,,"20126","01","AGUASCALIENTES","001","Aguascalientes","0001","Aguascalientes","4202","010",,,,"Fijo","21.93464194","-102.26631875","2019-11"
"8550","01001561432004181000000000U7","CIBER CAFE CIBER DE MAMA",,"561432","Servicios de acceso a computadoras","0 a 5 personas","AVENIDA","OJOCALIENTE","CALLE","EL SALTO DE LOS SALADO","CALLE","CHICALOTE","CALLE","CAÑADA HONDA","912","A",,,,,"FRACCIONAMIENTO","OJOCALIENTE 1",,,,"20190","01","AGUASCALIENTES","001","Aguascalientes","0001","Aguascalientes","230A","032",,,,"Fijo","21.88237868","-102.25490995","2010-07"
"8250587","01001561432010011000000000U8","CIBER CAFE EL VAGO",,"561432","Servicios de acceso a computadoras","0 a 5 personas","AVENIDA","SIGLO XXI","CALLE","GERMAN VALDES","CALLE","CARLOS LOPEZ MOCTEZUMA","CALLE","GENERAL ROQUE GONZÁLEZ GARZA","3145",,,,,,"FRACCIONAMIENTO","VILLAS DEL PILAR",,,,"20287","01","AGUASCALIENTES","001","Aguascalientes","0001","Aguascalientes","248A","039",,,,"Fijo","21.84569903","-102.30335198","2019-11"
"8515111","01001561432009601000000000U9","CIBER CAFE MONADAS",,"561432","Servicios de acceso a computadoras","0 a 5 personas","CALLE","GENERAL JULIAN MEDINA","CALLE","BELISARIO DOMINGUEZ","CALLE","ANTONIO DIAZ SOTO Y GAMA","CALLE","FRANCISCO VILLALPANDO ÁVILA","741",,,,,,"FRACCIONAMIENTO","VILLAS DEL PILAR",,,,"20286","01","AGUASCALIENTES","001","Aguascalientes","0001","Aguascalientes","294A","012",,,,"Fijo","21.84661971","-102.30701373","2019-11"
"25709","01011561432000211000000000U5","CIBER CAFE SAN PANCHO",,"561432","Servicios de acceso a computadoras","0 a 5 personas","CALLE","BOLIVIA","CALLE","JOSE MARIA CHAVEZ","CALLE","ARGENTINA","CALLE","URUGUAY","510",,,,,,"FRACCIONAMIENTO","PANAMERICANO",,,,"20300","01","AGUASCALIENTES","011","San Francisco de los Romo","0001","San Francisco de los Romo","0121","007","4659674146",,,"Fijo","22.07658739","-102.26855956","2010-07"
"4483","01001561432002281000000000U7","CIBER CAFE Y ARTE",,"561432","Servicios de acceso a computadoras","0 a 5 personas","CALLE","TULIPANES","AVENIDA","AVENIDA DE LAS ORQUIDEAS","AVENIDA","IGNACIO T. CHAVEZ","CALLE","DALIAS","216","A",,,"0",,"COLONIA","LAS FLORES",,,,"20220","01","AGUASCALIENTES","001","Aguascalientes","0001","Aguascalientes","077A","012",,,,"Fijo","21.8733393","-102.30283657","2010-07"
"41726","01003561432000341000000000U7","CIBERE CAFÉ SKYNET",,"561432","Servicios de acceso a computadoras","0 a 5 personas","AVENIDA","ENRIQUE OLIVARES SANTANA","CALLE","20 DE NOVIEMBRE","AVENIDA","INSURGENTES","AVENIDA","16 DE SEPTIEMBRE",,"SN",,,,,"LOCALIDAD","OJOCALIENTE",,,,"20834","01","AGUASCALIENTES","003","Calvillo","0055","Ojocaliente","0079","020","4959020984",,,"Fijo","21.87659943","-102.6743628","2014-12"
"6988230","01001561432009531000000000U8","CYBER CAFE LARA",,"561432","Servicios de acceso a computadoras","0 a 5 personas","CALLE","ANTONIO CARDONA","PRIVADA","NINGUNO","AVENIDA","EUGENIO GARZA SADA","PRIVADA","NINGUNO","122",,,,"0",,"EJIDO","LOS POCITOS",,,,"20328","01","AGUASCALIENTES","001","Aguascalientes","1025","Pocitos","3948","003",,"CYBERCAFELARA@GMAIL.COM",,"Fijo","21.92122645","-102.33449793","2019-11"
"10144","01001561432008341000000000U3","CYBER CAFE SKYNET",,"561432","Servicios de acceso a computadoras","0 a 5 personas","CALLE","HACIENDA GARABATO","CALLE","HACIENDA SAN IGNACIO","CALLE","HACIENDA SAN JOSE DE GUADALUPE","CALLE","HACIENDA EL MEZQUITE","101","C",,,"0",,"FRACCIONAMIENTO","HACIENDAS DE AGUASCALIENTES",,,,"20133","01","AGUASCALIENTES","001","Aguascalientes","0001","Aguascalientes","3261","014",,"SKYNETAGS@GMAIL.COM",,"Fijo","21.88863322","-102.24547529","2010-07"
"50568","01002561432000121000000000U5","CYBER-CAFE",,"561432","Servicios de acceso a computadoras","0 a 5 personas","AVENIDA","JOSEFA ORTIZ DE DOMINGUEZ","AVENIDA","JESUS MACIAS RANGEL","CALLE","PRIMO VERDAD ORIENTE","CALLE","20 DE NOVIEMBRE","310","B",,,"0",,"COLONIA","LOMA BONITA",,,,"20700","01","AGUASCALIENTES","002","Asientos","0059","Villa Juárez","0086","009","4969626278",,,"Fijo","22.09714962","-102.06632165","2014-12"
"8195922","01001561432009921000000000U1","INTERNET FUNKY CAFE",,"561432","Servicios de acceso a computadoras","0 a 5 personas","CALLE","IXTLAHUATL","CALLE","AZTLAN","CALLE","PROLONGACION AVENIDA POLIDUCTO","CALLE","XIUHNEL","107","A",,,,,"FRACCIONAMIENTO","SOLIDARIDAD II",,,,"20263","01","AGUASCALIENTES","001","Aguascalientes","0001","Aguascalientes","3327","016",,,,"Fijo","21.8656623","-102.24297896","2019-11"
"7407296","01009722516000011000000000U9","AROMA CAFE",,"722516","Restaurantes de autoservicio","0 a 5 personas","CALLE","PLAZA JUAREZ","CALLE","JESUS MARIA RODRIGUEZ","CALLE","LA GALEANA","CALLE","SIN REFERENCIA","6",,,,,,"COLONIA","CHOLULA",,,,"20602","01","AGUASCALIENTES","009","Tepezalá","0001","Tepezalá","0208","019","4651020480",,,"Fijo","22.22467674","-102.16762861","2019-11"
"6282388","01001722219002461020003311S2","ASUNCION AGS_38335","CAFE SIRENA S DE RL DE CV","722515","Cafeterías, fuentes de sodas, neverías, refresquerías y similares","11 a 30 personas","AVENIDA","AGUAS CALIENTES SUR","AVENIDA","MAHATMA GANDHI","ANDADOR","ANDADOR DEL ABASTO","AVENIDA","MAHATMA GANDHI","1531",,,,,,"COLONIA","AGRICULTURA","CENTRO Y PLAZA COMERCIAL","VILLA ASUNCION","SN","20234","01","AGUASCALIENTES","001","Aguascalientes","0001","Aguascalientes","0869","031",,"TUOPINION@STARBUCKS.COM.MX","WWW.STARBUCKS.COM.MX","Fijo","21.85828471","-102.29323069","2010-07"
"6980521","01001722515007021000000000U0","BARISTA CAFE",,"722515","Cafeterías, fuentes de sodas, neverías, refresquerías y similares","0 a 5 personas","AVENIDA","TECNOLOGICO","CALLE","PASEO DE LA ALAMEDA","CALLE","BALNEARIOS","CALLE","PASEO DE LA ALAMEDA","109",,,,"0",,"CONDOMINIO","MISION ALAMEDA",,,,"20198","01","AGUASCALIENTES","001","Aguascalientes","0001","Aguascalientes","1354","040","4492443296",,,"Fijo","21.88223659","-102.26667089","2019-11"
"8524964","01001722515008312000000000U2","CAFE 664","GASTRONOMIA DE IDEAS Y SUEÑOS SA DE CV","722515","Cafeterías, fuentes de sodas, neverías, refresquerías y similares","6 a 10 personas","CALLE","GENERAL IGNACIO ZARAGOZA","AVENIDA","FRANCISCO I. MADERO","CALLE","GONZALEZ SARACHO","PRIVADA","PRIVADA AGUSTÍN R. GONZÁLEZ","209",,,,,,"COLONIA","ZONA CENTRO",,,,"20000","01","AGUASCALIENTES","001","Aguascalientes","0001","Aguascalientes","0642","016",,"SAS@DIS-CORPORATIVO.COM","WWW.CAFE664.COM","Fijo","21.88304225","-102.29042898","2019-11"
"5746","01001722219015051000000000U6","CAFE BAR LA LUNA",,"722515","Cafeterías, fuentes de sodas, neverías, refresquerías y similares","0 a 5 personas","AVENIDA","CONVENCION DE 1914 SUR","PROLONGACION","JOSEFA ORTIZ DE DOMINGUEZ","CALLE","FUENTE DE TREVI","CALLE","PASEO JUAN DE TOLOSA","1101","A",,,,,"FRACCIONAMIENTO","JARDINES DE LAS FUENTES",,,,"20278","01","AGUASCALIENTES","001","Aguascalientes","0001","Aguascalientes","2117","020",,,,"Fijo","21.86602103","-102.28592964","2010-07"
"6905605","01001722515005881000000000U9","CAFE BOULART CAFE BISTRO",,"722515","Cafeterías, fuentes de sodas, neverías, refresquerías y similares","0 a 5 personas","CALLE","SIERRA DE LA CANELA","PROLONGACION","GENERAL IGNACIO ZARAGOZA","CALLE","VALLE DE GUADALUPE","PROLONGACION","GENERAL IGNACIO ZARAGOZA","502",,"CENTRO Y PLAZA COMERCIAL","PLANTA BAJA",,"A","FRACCIONAMIENTO","BOSQUES DEL PRADO NORTE","CENTRO Y PLAZA COMERCIAL","PLAZA RINCONADA","A","20127","01","AGUASCALIENTES","001","Aguascalientes","0001","Aguascalientes","2263","003",,"BOULART_CAFEBISTRO@HOTMAIL.COM",,"Fijo","21.9178313","-102.3059343","2019-11"
"7408136","01007722515000421000000000U6","CAFE CAFE",,"722515","Cafeterías, fuentes de sodas, neverías, refresquerías y similares","0 a 5 personas","CALLE","PLAZA JUAREZ","CALLE","MIGUEL HIDALGO","AVENIDA","LIBERTAD","CALLE","FRANCISCO I. MADERO","103","A",,,,,"COLONIA","CENTRO",,,,"20400","01","AGUASCALIENTES","007","Rincón de Romos","0001","Rincón de Romos","0059","015",,,,"Fijo","22.22991342","-102.32263073","2019-11"
"17401","01001722219023692001000000U7","CAFE CALESA",,"722515","Cafeterías, fuentes de sodas, neverías, refresquerías y similares","6 a 10 personas","AVENIDA","UNIVERSIDAD","CALLE","SIERRA DE LAS PALOMAS","AVENIDA","AGUASCALIENTES NORTE","CALLE","SIERRA DE TEPOZTLÁN","935",,"CENTRO Y PLAZA COMERCIAL","PLANTA BAJA",,"25","FRACCIONAMIENTO","BOSQUES DEL PRADO SUR","CENTRO Y PLAZA COMERCIAL","PLAZA UNIVERSIDAD","25","20130","01","AGUASCALIENTES","001","Aguascalientes","0001","Aguascalientes","2259","009","4495494793",,,"Fijo","21.9153776","-102.31307549","2010-07"
"23514","01001722219022162000000000U2","CAFE CALESA PLAZA PATRIA CAFETERIA",,"722515","Cafeterías, fuentes de sodas, neverías, refresquerías y similares","0 a 5 personas","CALLE","JOSE MARIA CHAVEZ","CALLE","NIETO","CALLE","RAYON","CALLE","GALEANA SUR","123",,"CENTRO Y PLAZA COMERCIAL","PLANTA BAJA",,,"COLONIA","ZONA CENTRO","CENTRO Y PLAZA COMERCIAL","CENTRO COMERCIAL PLAZA PATRIA","123","20000","01","AGUASCALIENTES","001","Aguascalientes","0001","Aguascalientes","0695","020",,,,"Semifijo","21.87937679","-102.2962751","2010-07"
"36435","01001722515000471001000000U4","CAFE CATEDRAL",,"722515","Cafeterías, fuentes de sodas, neverías, refresquerías y similares","6 a 10 personas","CALLE","PLAZA PRINCIPAL NORTE","PEATONAL","BENITO JUAREZ","CALLE","5 DE MAYO","PEATONAL","ALLENDE ORIENTE","119",,,,,,"COLONIA","ZONA CENTRO",,,,"20000","01","AGUASCALIENTES","001","Aguascalientes","0001","Aguascalientes","0638","013",,,,"Fijo","21.88142262","-102.29592663","2010-07"
"8217351","01001722515008611000000000U7","CAFE COFFEE Y BAKERY LA TUTT HOUSE",,"722515","Cafeterías, fuentes de sodas, neverías, refresquerías y similares","0 a 5 personas","CALLE","MONTE BLANCO","CALLE","SILOS","CALLE","POTREROS","CALLE","EL REDONDEL","729",,,,,,"FRACCIONAMIENTO","TROJES DE ORIENTE I",,,,"20115","01","AGUASCALIENTES","001","Aguascalientes","0001","Aguascalientes","2386","008","4497691576",,,"Fijo","21.92799809","-102.30172488","2019-11"
"7622028","01001722515006351000000000U2","CAFE COLIBRI CAFETZIN",,"722515","Cafeterías, fuentes de sodas, neverías, refresquerías y similares","0 a 5 personas","AVENIDA","TECNOLOGICO","AVENIDA","AGUACALIENTES ORIENTE","AVENIDA","AGUASCALIENTES ORIENTE","AVENIDA","AGUASCALIENTES ORIENTE","120",,"CENTRO Y PLAZA COMERCIAL","PLANTA BAJA","0",,"FRACCIONAMIENTO","EX HACIENDA OJOCALIENTE","CENTRO Y PLAZA COMERCIAL","CENTRO COMERCIAL ESPACIO","RE-04","20190","01","AGUASCALIENTES","001","Aguascalientes","0001","Aguascalientes","1354","071",,,,"Fijo","21.87786309","-102.2602237","2019-11"
"23760","01001722219023992001000000U1","CAFE CONSENTIDO",,"722515","Cafeterías, fuentes de sodas, neverías, refresquerías y similares","0 a 5 personas","PEATONAL","ABASOLO","CALLE","CRISTOBAL COLON","PEATONAL","ELISEO TRUJILLO","CALLE","PIMENTEL","104","A",,,,,"BARRIO","EL ENCINO",,,,"20240","01","AGUASCALIENTES","001","Aguascalientes","0001","Aguascalientes","0708","016",,"CAFECONSENTIDO@GMAIL.COM",,"Fijo","21.87448218","-102.29332431","2010-07"
"22934","01001722110000892000049819M1","CAFE CONTEMPO","FUSION DE BISTROS SA DE CV","722515","Cafeterías, fuentes de sodas, neverías, refresquerías y similares","6 a 10 personas","PEATONAL","PEATONAL DEL CODO","CALLE","MOCTEZUMA","CALLE","GENERAL GUADALUPE VICTORIA","CALLE","MOCTEZUMA","233",,,,"4",,"COLONIA","CENTRO",,,,"20000","01","AGUASCALIENTES","001","Aguascalientes","0001","Aguascalientes","0623","014",,,,"Fijo","21.88107138","-102.297748","2012-06"
"8217541","01001722515008641000000000U4","CAFE CREPACHO",,"722515","Cafeterías, fuentes de sodas, neverías, refresquerías y similares","0 a 5 personas","CALLE","PANFILO NATERA","CALLE","ADORATRICES","CALLE","ANUNCIATIVAS","CALLE","CATEQUISTAS","624","D",,,,,"FRACCIONAMIENTO","VILLA TERESA",,,,"20126","01","AGUASCALIENTES","001","Aguascalientes","0001","Aguascalientes","3083","023",,,,"Fijo","21.92197666","-102.2808842","2019-11"
"26722","01002722219000211000000000U1","CAFE DE LA ESQUINA",,"722515","Cafeterías, fuentes de sodas, neverías, refresquerías y similares","0 a 5 personas","CALLE","5 DE MAYO","CALLE","JESUS MARMOLEJO PEREZ","CALLE","FRANCISCO I. MADERO ORIENTE","AVENIDA","JOSEFA ORTIZ DE DOMÍNGUEZ","191",,,,,,"COLONIA","CENTRO",,,,"20700","01","AGUASCALIENTES","002","Asientos","0059","Villa Juárez","0283","008",,,,"Fijo","22.09540705","-102.06990098","2010-07"
"22924","01001722219010711001000000U0","CAFE DEL ANGEL",,"722515","Cafeterías, fuentes de sodas, neverías, refresquerías y similares","11 a 30 personas","PEATONAL","VENUSTIANO CARRANZA","PEATONAL","PEATONAL DEL CODO","CALLE","MARIANO MATAMOROS NORTE","CALLE","GENERAL IGNACIO ALLENDE","117",,,,"0",,"COLONIA","ZONA CENTRO",,,,"20000","01","AGUASCALIENTES","001","Aguascalientes","0001","Aguascalientes","0623","004",,"CAFEDEANGEL@HOTMAIL.COM",,"Fijo","21.88040982","-102.29918445","2010-07"
"22941","01001722219022642001000000M3","CAFE DEL CODO",,"722515","Cafeterías, fuentes de sodas, neverías, refresquerías y similares","11 a 30 personas","PEATONAL","PEATONAL DEL CODO","CALLE","MOCTEZUMA","CALLE","GENERAL GUADALUPE VICTORIA","CALLE","MOCTEZUMA","225","D",,,,,"COLONIA","ZONA CENTRO",,,,"20000","01","AGUASCALIENTES","001","Aguascalientes","0001","Aguascalientes","0623","014",,,,"Fijo","21.88151966","-102.29769264","2010-07"
"35464","01001722515001721000000000U1","CAFÉ EL MOLINO",,"722515","Cafeterías, fuentes de sodas, neverías, refresquerías y similares","0 a 5 personas","AVENIDA","CONVENCION DE 1914 NORTE","CALLE","MELQUIADES MORENO","CALLE","PETROLEOS MEXICANOS","CALLE","ALFREDO LEWIS","0","SN",,,"0",,"COLONIA","INDUSTRIAL",,,,"20030","01","AGUASCALIENTES","001","Aguascalientes","0001","Aguascalientes","0375","020","4492030548",,,"Semifijo","21.90014664","-102.29372436","2014-12"
"27493","01006722219000141000000000U1","CAFE EL PASO ELEGANTE",,"722515","Cafeterías, fuentes de sodas, neverías, refresquerías y similares","0 a 5 personas","AVENIDA","HEROICO COLEGIO MILITAR","CALLE","MELCHOR OCAMPO","AVENIDA","PLUTARCO ELIAS CALLES","CALLE","MELCHOR OCAMPO","9",,,,,,"COLONIA","CENTRO",,,,"20676","01","AGUASCALIENTES","006","Pabellón de Arteaga","0001","Pabellón de Arteaga","009A","027",,,,"Fijo","22.14706716","-102.27677466","2010-07"
"6924512","01001722515007901000000000U3","CAFE EL REBORUJO",,"722515","Cafeterías, fuentes de sodas, neverías, refresquerías y similares","0 a 5 personas","CALLE","EDUARDO J. CORREA","CALLE","PROFESOR ALEJANDRO TOPETE DEL VALLE","CALLE","NIETO","CALLE","PROFESOR ALEJANDRO TOPETE DEL VALLE","135",,,,,,"BARRIO","BARRIO SAN MARCOS",,,,"20070","01","AGUASCALIENTES","001","Aguascalientes","0001","Aguascalientes","0695","005","4403928436","CAFEELROBORUJO@GMAIL.COM",,"Fijo","21.8775588","-102.30174637","2019-11"
"23013","01001722515004181001000000U5","CAFE EL RINCON DE VILLA",,"722515","Cafeterías, fuentes de sodas, neverías, refresquerías y similares","6 a 10 personas","PEATONAL","PEATONAL DEL CODO","CALLE","GENERAL GUADALUPE VICTORIA","PEATONAL","VENUSTIANO CARRANZA","CALLE","GENERAL IGNACIO ALLENDE","232",,,,,,"COLONIA","ZONA CENTRO",,,,"20000","01","AGUASCALIENTES","001","Aguascalientes","0001","Aguascalientes","0623","004",,,,"Fijo","21.88159969","-102.29770941","2010-07"
"2008","01001722515000121000000000S5","CAFE FINCA SANTA VERACRUZ",,"722515","Cafeterías, fuentes de sodas, neverías, refresquerías y similares","0 a 5 personas","AVENIDA","UNIVERSIDAD","AVENIDA","AGUASCALIENTES NORTE","AVENIDA","AGUASCALIENTES PONIENTE","OTRO (ESPECIFIQUE)","NINGUNO","940",,"OTRO CONGLOMERADO","PLANTA BAJA","47",,"FRACCIONAMIENTO","UNIVERSIDAD AUTONOMA DE AGUASCALIENTES","OTRO CONGLOMERADO","UNIVERSIDAD AUTONOMA DE AGUASCALIENTES","47","20130","01","AGUASCALIENTES","001","Aguascalientes","0001","Aguascalientes","1960","026","4492207422","NIX_MEN@HOTMAIL.COM",,"Fijo","21.91515963","-102.31336097","2010-07"
"2015","01001722219023902000000000S0","CAFE FINCA SANTA VERACRUZ CAFE ESPECIAL",,"722515","Cafeterías, fuentes de sodas, neverías, refresquerías y similares","0 a 5 personas","AVENIDA","UNIVERSIDAD","AVENIDA","AGUASCALIENTES NORTE","AVENIDA","AGUASCALIENTES PONIENTE","OTRO (ESPECIFIQUE)","NINGUNO","940",,"OTRO CONGLOMERADO","PLANTA BAJA","17",,"FRACCIONAMIENTO","UNIVERSIDAD AUTONOMA DE AGUASCALIENTES","OTRO CONGLOMERADO","UNIVERSIDAD AUTONOMA DE AGUASCALIENTES","17","20130","01","AGUASCALIENTES","001","Aguascalientes","0001","Aguascalientes","1960","026","4492207422","NIX_MEN@HOTMAIL.COM",,"Fijo","21.91515963","-102.31336097","2010-07"
"8624724","01001722515008961000000000U6","CAFE FREGO",,"722515","Cafeterías, fuentes de sodas, neverías, refresquerías y similares","0 a 5 personas","CALLE","MONTE EVEREST","CALLE","SIERRA DE LA CANELA","CALLE","SIERRA FRIA","CALLE","SAN JUAN DE LOS LAGOS","123",,,,"8",,"FRACCIONAMIENTO","BOSQUES DEL PRADO NORTE",,,,"20127","01","AGUASCALIENTES","001","Aguascalientes","0001","Aguascalientes","2259","025",,"ADMINISTRACION@FREGO.MX",,"Fijo","21.91751677","-102.31239029","2019-11"
"8963","01001722219001471000000000U2","CAFE GOURMET","CAFE ALIANZA EUROPEA ","722515","Cafeterías, fuentes de sodas, neverías, refresquerías y similares","6 a 10 personas","CALLE","NINGUNO","CALLE","NINGUNO","CALLE","ABRAHAM GONZALEZ","AVENIDA","MAHATMA GANDHI","0","SN",,,"0","A32","COLONIA","CENTRO COMERCIAL VILLA ASUNCION",,,,"20150","01","AGUASCALIENTES","001","Aguascalientes","0001","Aguascalientes","1458","027","4491406263","DIRECCIONGENERALCAFEALIANZA@GMAIL.COM",,"Fijo","21.84898223","-102.29222678","2010-07"
"22910","01001722515000451000000000S6","CAFE KAPOOR",,"722515","Cafeterías, fuentes de sodas, neverías, refresquerías y similares","0 a 5 personas","PEATONAL","PEATONAL DEL CODO","CALLE","GENERAL GUADALUPE VICTORIA","PEATONAL","VENUSTIANO CARRANZA","CALLE","GENERAL IGNACIO ALLENDE","230",,,,,,"COLONIA","ZONA CENTRO",,,,"20000","01","AGUASCALIENTES","001","Aguascalientes","0001","Aguascalientes","0623","004","4499156262",,,"Fijo","21.88149554","-102.29792225","2010-07"
"8624795","01001722515008981000000000U4","CAFE LAB",,"722515","Cafeterías, fuentes de sodas, neverías, refresquerías y similares","0 a 5 personas","CALLE","TALAMANTES","AVENIDA","CONVENCION DE 1914 PONIENTE","CALLE","26 DE MARZO","CALLE","PUEBLITO","914","D",,,,,"COLONIA","SAN MARCOS",,,,"20070","01","AGUASCALIENTES","001","Aguascalientes","0001","Aguascalientes","0591","019","4493404570","AASA790330@GMAIL.COM",,"Fijo","21.8795338","-102.31316244","2019-11"
"6924452","01001722515007871000000000U8","CAFE MAGALI",,"722515","Cafeterías, fuentes de sodas, neverías, refresquerías y similares","0 a 5 personas","CALLE","GENERAL EMILIANO ZAPATA","CALLE","EDUARDO J. CORREA","CALLE","LIBERTAD","CALLE","GENERAL IGNACIO ALLENDE","220","B",,,,,"BARRIO","BARRIO SAN MARCOS",,,,"20070","01","AGUASCALIENTES","001","Aguascalientes","0001","Aguascalientes","0623","010",,,,"Fijo","21.88212078","-102.30165508","2019-11"
"28035","01001722515002302001000000U9","CAFE MIL AROMAS",,"722515","Cafeterías, fuentes de sodas, neverías, refresquerías y similares","0 a 5 personas","CALLE","JACARANDAS","CALLE","PIRUL","AVENIDA","PASEO DE LA CRUZ","CALLE","PIRUL","901","A",,,,,"FRACCIONAMIENTO","JARDINES DE LA CRUZ",,,,"20250","01","AGUASCALIENTES","001","Aguascalientes","0001","Aguascalientes","0820","042","4491469157","CAFEMILAROMAS@HOTMAIL.COM",,"Fijo","21.87425484","-102.27171949","2014-12"
"20785","01001722219012411000000000U5","CAFE MIROON",,"722515","Cafeterías, fuentes de sodas, neverías, refresquerías y similares","0 a 5 personas","PEATONAL","ALLENDE ORIENTE","CALLE","JOSE MARIA MORELOS Y PAVON","PEATONAL","BENITO JUAREZ","AVENIDA","FRANCISCO I. MADERO","203",,"EDIFICIO SIN NOMBRE","PISO 2","0",,"COLONIA","ZONA CENTRO",,,,"20000","01","AGUASCALIENTES","001","Aguascalientes","0001","Aguascalientes","0638","008","4491467083",,,"Fijo","21.8826419","-102.29589126","2010-07"
"42383","01001722515000621000000000U4","CAFÉ MONTE BLANCO",,"722515","Cafeterías, fuentes de sodas, neverías, refresquerías y similares","0 a 5 personas","CALLE","MONTE BLANCO","CALLE","SILOS","CALLE","POTREROS","CALLE","EL REDONDEL","727",,"EDIFICIO SIN NOMBRE","PISO 1","5",,"FRACCIONAMIENTO","TROJES DE ORIENTE I","EDIFICIO COMERCIAL Y DE SERVICIOS","MONTE BLANCO PLAZA COMERCIAL","5","20115","01","AGUASCALIENTES","001","Aguascalientes","0001","Aguascalientes","2386","008","4492514254",,,"Fijo","21.92792994","-102.3017202","2014-12"
"4785","01001722212010001000000000U1","CAFE O INCIO",,"722515","Cafeterías, fuentes de sodas, neverías, refresquerías y similares","0 a 5 personas","BOULEVARD","JOSE MARIA CHAVEZ","AVENIDA","CONVENCION DE 1914 SUR","CALLE","JARDIN DEL ESTUDIANTE","CALLE","JARDÍN DEL ESTUDIANTE","1202",,,,,,"FRACCIONAMIENTO","LINDA VISTA",,,,"20270","01","AGUASCALIENTES","001","Aguascalientes","0001","Aguascalientes","0888","019",,"DANYDZ1298@GMAIL.COM",,"Semifijo","21.86618943","-102.29417802","2010-07"
"7702986","01001722515007281000000000U0","CAFE PETRONA",,"722515","Cafeterías, fuentes de sodas, neverías, refresquerías y similares","0 a 5 personas","AVENIDA","FRANCISCO I. MADERO","CALLE","GENERAL IGNACIO ZARAGOZA","CALLE","MIGUEL HIDALGO Y COSTILLA","CALLE","GONZÁLEZ SARACHO","316",,,,,,"COLONIA","ZONA CENTRO",,,,"20000","01","AGUASCALIENTES","001","Aguascalientes","0001","Aguascalientes","0638","004",,,,"Fijo","21.88225577","-102.29211143","2019-11"
"23685","01001722110000932000048883S5","CAFÉ PUNTA DEL CIELO","GRUPO COMERCIALIZADOR CAFETERO S DE RL DE CV","722515","Cafeterías, fuentes de sodas, neverías, refresquerías y similares","6 a 10 personas","AVENIDA","FRANCISCO I. MADERO","PEATONAL","BENITO JUAREZ","CALLE","JOSE MARIA MORELOS Y PAVON","PEATONAL","ALLENDE ORIENTE","116",,,,,,"COLONIA","ZONA CENTRO",,,,"20000","01","AGUASCALIENTES","001","Aguascalientes","0001","Aguascalientes","0638","008",,"AGS.MADERO@PUNTADELCIELO.COM.MX","WWW.PUNTADELCIELO.COM.MX","Fijo","21.8815254","-102.29481897","2013-07"
"39327","01001722515000142000048883M1","CAFE PUNTA DEL CIELO","GRUPO COMERCIALIZADOR CAFETERO S DE RL DE CV","722515","Cafeterías, fuentes de sodas, neverías, refresquerías y similares","6 a 10 personas","AVENIDA","UNIVERSIDAD","CALLE","SIERRA DE LA CANELA","AVENIDA","AGUASCALIENTES NORTE","CALLE","MONTE EVEREST","1001",,"CENTRO Y PLAZA COMERCIAL","PLANTA BAJA",,,"FRACCIONAMIENTO","BOSQUES DEL PRADO NORTE","CENTRO Y PLAZA COMERCIAL","TORRE PLAZA BOSQUES","1001","20127","01","AGUASCALIENTES","001","Aguascalientes","0001","Aguascalientes","2259","019","4493466623","AGSBOSQUESPUNTADELCIELO@HOTMAIL.COM","WWW.CAFEPUNTADELCIELO.COM.MX","Fijo","21.9172089","-102.313807","2014-12"
"6847752","01001722511001601010002916S4","CAFE PUNTA DEL CIELO","AEROCOMIDAS SA DE CV","722515","Cafeterías, fuentes de sodas, neverías, refresquerías y similares","0 a 5 personas","CARRETERA","PANAMERICANA KILOMETRO 22","CALLE","NINGUNO","CALLE","NINGUNO","CALLE","NINGUNO",,"SN",,,,,"AEROPUERTO","JESUS TERAN PEREDO","AEROPUERTO","AEROPUERTO DE AGUASCALIENTES JESUS TERAN PEREDO","LOCAL 11","20340","01","AGUASCALIENTES","001","Aguascalientes","2472","Lic. Jesús Terán Peredo [Aeropuerto]","1250","800",,,"WWW.LATAM.AREAS.COM","Fijo","21.701666","-102.313748","2018-03"
"17328","01001722219000201000000000U4","CAFE RESTAURANT SAN TELMO",,"722515","Cafeterías, fuentes de sodas, neverías, refresquerías y similares","0 a 5 personas","AVENIDA","UNIVERSIDAD","CALLE","SIERRA DE LA CANELA","AVENIDA","AGUASCALIENTES NORTE","CALLE","MONTE EVEREST","1001",,"CENTRO Y PLAZA COMERCIAL","PISO 2","19","CC 19","FRACCIONAMIENTO","BOSQUES DEL PRADO NORTE","CENTRO Y PLAZA COMERCIAL","TORRE PLAZA BOSQUES","CC 19","20127","01","AGUASCALIENTES","001","Aguascalientes","0001","Aguascalientes","2259","019","4491559412","BOSTY1@PRODIGY.NET.MX",,"Fijo","21.9172089","-102.313807","2010-07"
"366","01003722219000541000000000U9","CAFE RIGBY",,"722515","Cafeterías, fuentes de sodas, neverías, refresquerías y similares","0 a 5 personas","CALLE","IGNACIO ALLENDE","CALLE","JESUS TERAN","CALLE","5 DE MAYO","CALLE","MATAMOROS","405",,,,"0",,"COLONIA","CENTRO",,,,"20800","01","AGUASCALIENTES","003","Calvillo","0001","Calvillo","0219","038","4499063917",,,"Fijo","21.8455354","-102.71872743","2010-07"
"20102","01001722219016731000000000U2","CAFE SAN ANTONIO",,"722515","Cafeterías, fuentes de sodas, neverías, refresquerías y similares","0 a 5 personas","CALLE","GENERAL IGNACIO ZARAGOZA","CALLE","GONZALEZ SARACHO","CALLE","LICENCIADO FRANCISCO PRIMO VERDAD","CALLE","AGUSTÍN R. GONZÁLEZ","307",,,,,,"COLONIA","ZONA CENTRO",,,,"20000","01","AGUASCALIENTES","001","Aguascalientes","0001","Aguascalientes","0642","017",,"EPOCA.BISTRO.CAFE@GMAIL.COM",,"Fijo","21.88408971","-102.29092924","2010-07"
"6924191","01001722515007821000000000U3","CAFE SANTA CECILIA",,"722515","Cafeterías, fuentes de sodas, neverías, refresquerías y similares","0 a 5 personas","AVENIDA","LICENCIADO ADOLFO LOPEZ MATEOS ORIENTE","CALLE","NINGUNO","AVENIDA","GLORIETA DON QUIJOTE","CALLE","CHICHIMECO","1001",,"CENTRO Y PLAZA COMERCIAL","PASILLO","52",,"COLONIA","LA HUERTA","CENTRO Y PLAZA COMERCIAL","PLAZA KRISTAL","52","20250","01","AGUASCALIENTES","001","Aguascalientes","0001","Aguascalientes","0816","042","4491237938","ARQ.CLAUDIAROMO@YAHOO.COM.MX",,"Fijo","21.87848497","-102.28073591","2019-11"
"6911974","01001722515006641000000000U6","CAFE SANTA MARIA",,"722515","Cafeterías, fuentes de sodas, neverías, refresquerías y similares","0 a 5 personas","CALLE","PROFESOR ENRIQUE OLIVARES SANTANA","CALLE","CANADA","CALLE","ALASKA","CALLE","CANADÁ","331","B",,,"0",,"FRACCIONAMIENTO","VERSALLES",,,,"20285","01","AGUASCALIENTES","001","Aguascalientes","0001","Aguascalientes","2085","005","4494928836",,,"Fijo","21.86001069","-102.30668512","2019-11"
"7461453","01011722515000211000000000U3","CAFE SHOP",,"722515","Cafeterías, fuentes de sodas, neverías, refresquerías y similares","0 a 5 personas","AVENIDA","BENITO JUAREZ","CALLE","VICENTE GUERRERO PONIENTE","CALLE","PORFIRIO DIAZ","CALLE","JOSÉ MARÍA MORELOS Y PAVÓN","314",,,,"0",,"COLONIA","CENTRO",,,,"20300","01","AGUASCALIENTES","011","San Francisco de los Romo","0001","San Francisco de los Romo","0013","018","4921312733","ELCHOFERDEJUANIS001@GMAIL.COM",,"Fijo","22.08027683","-102.27206992","2019-11"
"8195250","01004722515000061000000000U7","CAFE SIN NOMBRE",,"722515","Cafeterías, fuentes de sodas, neverías, refresquerías y similares","0 a 5 personas","CALLE","VICENTE GUERRERO","CALLE","CORNELIO ACOSTA","CALLE","BENITO JUAREZ","CALLE","FRANCISCO VILLA","5",,,,,,"LOCALIDAD","COSIO CENTRO",,,,"20460","01","AGUASCALIENTES","004","Cosío","0001","Cosío","0080","011",,,,"Fijo","22.36666309","-102.30000564","2019-11"
"24388","01001722515001991000000000U0","CAFE SIN NOMBRE",,"722515","Cafeterías, fuentes de sodas, neverías, refresquerías y similares","0 a 5 personas","CALLE","TIANGUIS","PEATONAL","NINGUNO","PEATONAL","NINGUNO","ANDADOR","NINGUNO",,"SN","MERCADO PUBLICO","PISO 1",,,"COLONIA","CENTRO COMERCIAL AGROPECUARIO","MERCADO PUBLICO","TIANGUIS","317","20135","01","AGUASCALIENTES","001","Aguascalientes","0001","Aguascalientes","1975","056",,,,"Fijo","21.91344533","-102.29485729","2014-12"
"24401","01001722515003551000000000U0","CAFE SIN NOMBRE",,"722515","Cafeterías, fuentes de sodas, neverías, refresquerías y similares","0 a 5 personas","CALLE","TIANGUIS","PEATONAL","NINGUNO","PEATONAL","NINGUNO","ANDADOR","NINGUNO",,"SN","MERCADO PUBLICO","PISO 1",,,"COLONIA","CENTRO COMERCIAL AGROPECUARIO","MERCADO PUBLICO","TIANGUIS","320","20135","01","AGUASCALIENTES","001","Aguascalientes","0001","Aguascalientes","1975","056",,,,"Fijo","21.91344533","-102.29485729","2014-12"
"14100","01001722219002681000000000U5","CAFE SIVIHC",,"722515","Cafeterías, fuentes de sodas, neverías, refresquerías y similares","0 a 5 personas","CALLE","30 DE SEPTIEMBRE","CALLE","9-6","CALLE","9-8","AVENIDA","HÉROE INMORTAL","130","A",,,"0",,"FRACCIONAMIENTO","JARDINES DE CASA NUEVA",,,,"20270","01","AGUASCALIENTES","001","Aguascalientes","0001","Aguascalientes","2672","030","4491133577","SIVICH_PASTELERIA_CAFE@HOTMAIL.COM",,"Fijo","21.85775571","-102.27084604","2010-07"
"36166","01001722219009851000000000U7","CAFE TERAN",,"722515","Cafeterías, fuentes de sodas, neverías, refresquerías y similares","0 a 5 personas","CALLE","PEDRO PARGA","CALLE","PRIVADA ARQUITECTOS","PRIVADA","ATRIO DE SAN ANTONIO","CALLE","PRIVADA ARQUITECTOS","232",,,,"0",,"COLONIA","ZONA CENTRO",,,,"20000","01","AGUASCALIENTES","001","Aguascalientes","0001","Aguascalientes","0515","036","4492143033",,,"Fijo","21.88494046","-102.29243312","2010-07"
"7700870","01001722515007231000000000U5","CAFE VENDETTA",,"722515","Cafeterías, fuentes de sodas, neverías, refresquerías y similares","0 a 5 personas","AVENIDA","FRANCISCO I. MADERO","CALLE","GENERAL IGNACIO ZARAGOZA","CALLE","MIGUEL HIDALGO Y COSTILLA","CALLE","JUAN DE MONTORO","347",,,,,,"COLONIA","ZONA CENTRO",,,,"20000","01","AGUASCALIENTES","001","Aguascalientes","0001","Aguascalientes","0638","005","4495444660",,,"Fijo","21.88245169","-102.29080895","2019-11"
"40944","01001722515001642001000000U9","CAFE VENECIA",,"722515","Cafeterías, fuentes de sodas, neverías, refresquerías y similares","0 a 5 personas","CALLE","NIZA","AVENIDA","AGUASCALIENTES PONIENTE","CALLE","VIENA","CALLE","ROMA",,"SN",,,,,"FRACCIONAMIENTO","DEL VALLE SEGUNDA SECCION",,,,"20089","01","AGUASCALIENTES","001","Aguascalientes","0001","Aguascalientes","0676","016",,,,"Fijo","21.87374745","-102.31967561","2014-12"
"9165028","01001722515009251000000000U1","CAFE Y BOUTIQUE BUENOS AIRES",,"722515","Cafeterías, fuentes de sodas, neverías, refresquerías y similares","0 a 5 personas","AVENIDA","IGNACIO T. CHAVEZ","CALLE","BRASILIA","CALLE","REPUBLICA DE ECUADOR","CALLE","BRASILIA","1102",,,,,,"FRACCIONAMIENTO","SANTA ELOENA",,,,"20239","01","AGUASCALIENTES","001","Aguascalientes","0001","Aguascalientes","0835","018",,,,"Fijo","21.871434","-102.30644569","2019-11"
"8094232","01001722515006901000000000U4","CAFE Y GALERIA DEL CENTRO",,"722515","Cafeterías, fuentes de sodas, neverías, refresquerías y similares","0 a 5 personas","CALLE","NIETO","CALLE","MARIANO MATAMOROS NORTE","CALLE","JOSE F. ELIZONDO","CALLE","VENUSTIANO CARRANZA","403",,,,,,"COLONIA","ZONA CENTRO",,,,"20000","01","AGUASCALIENTES","001","Aguascalientes","0001","Aguascalientes","0623","007","4491115881",,,"Fijo","21.87913186","-102.29992375","2019-11"
"11058","01001722515002961000000000U2","CAFE Y PAN",,"722515","Cafeterías, fuentes de sodas, neverías, refresquerías y similares","0 a 5 personas","CALLE","TIANGUIS","PEATONAL","NINGUNO","PEATONAL","NINGUNO","ANDADOR","NINGUNO",,"SN","MERCADO PUBLICO","PISO 1",,,"COLONIA","CENTRO COMERCIAL AGROPECUARIO","TIANGUIS, BAZAR O PULGA","TIANGUIS","35 Y 47","20135","01","AGUASCALIENTES","001","Aguascalientes","0001","Aguascalientes","1975","056",,,,"Fijo","21.91344533","-102.29485729","2013-07"
"34438","01001722515000971000000000U3","CAFE Y TE TREE HOUSE",,"722515","Cafeterías, fuentes de sodas, neverías, refresquerías y similares","0 a 5 personas","AVENIDA","JOSEMARIA ESCRIVA DE BALAGUER","CALLE","TORRE DE AGUA","PRIVADA","NINGUNO","CALLE","TORRE DE AGUA","83",,,,"13","3","FRACCIONAMIENTO","VILLAS BONATERRA",,,,"20296","01","AGUASCALIENTES","001","Aguascalientes","0001","Aguascalientes","1477","065",,,,"Fijo","21.82546002","-102.28430242","2014-12"
"8194928","01006722515000452000000000M3","CAFETERIA CAFE CAFE",,"722515","Cafeterías, fuentes de sodas, neverías, refresquerías y similares","6 a 10 personas","AVENIDA","VENUSTIANO CARRANZA","AVENIDA","HEROICO COLEGIO MILITAR","CALLE","VALENTIN GOMEZ FARIAS","AVENIDA","PLUTARCO ELÍAS CALLES","8",,,,,,"COLONIA","CENTRO",,,,"20670","01","AGUASCALIENTES","006","Pabellón de Arteaga","0001","Pabellón de Arteaga","0085","013","4492533268","ELCAFECAFE@HOTMAIL.COM",,"Fijo","22.14866974","-102.2763173","2019-11"
"22788","01001461140000471011000000U6","CAFETERIA CAFE SAN MARCOS",,"722515","Cafeterías, fuentes de sodas, neverías, refresquerías y similares","6 a 10 personas","AVENIDA","FRANCISCO I. MADERO","CALLE","JOSE MARIA MORELOS Y PAVON","CALLE","MIGUEL HIDALGO Y COSTILLA","CALLE","JUAN DE MONTORO","213","A",,,,,"COLONIA","ZONA CENTRO",,,,"20000","01","AGUASCALIENTES","001","Aguascalientes","0001","Aguascalientes","0638","006","4494265154","VENTAS@CAFESANMARCOS.COM","WWW.CAFESANMARCOS.COM","Fijo","21.8816135","-102.29392527","2010-07"
"6923889","01001722515007691000000000U0","CAFETERIA CAFE VIA ARTE",,"722515","Cafeterías, fuentes de sodas, neverías, refresquerías y similares","0 a 5 personas","PRIVADA","NINGUNO","AVENIDA","HEROICO COLEGIO MILITAR","AVENIDA","SIN REFERENCIA","AVENIDA","HEROICO COLEGIO MILITAR",,"SN",,,,,"COLONIA","FERRONALES",,,,"20180","01","AGUASCALIENTES","001","Aguascalientes","0001","Aguascalientes","1528","001",,,,"Fijo","21.89381947","-102.28391776","2019-11"
"37702","01001722515001041000000000U4","CAFETERÍA EL CAFÉ DE POSDA",,"722515","Cafeterías, fuentes de sodas, neverías, refresquerías y similares","0 a 5 personas","PEATONAL","JARDIN DEL ENCINO","CALLE","ELISEO TRUJILLO","CALLE","DOCTOR JESUS DIAZ DE LEON","CALLE","PROFESORA VICENTA TRUJILLO",,"SN",,,,,"BARRIO","DEL ENCINO",,,,"20240","01","AGUASCALIENTES","001","Aguascalientes","0001","Aguascalientes","0708","005","4491024643",,,"Fijo","21.8752656","-102.29273838","2014-12"
"7408056","01006722515000361000000000U6","CAFETERIA STOP CAFE",,"722515","Cafeterías, fuentes de sodas, neverías, refresquerías y similares","0 a 5 personas","BOULEVARD","ENRIQUE OLIVARES SANTANA","CALLE","FRANCISCO SERNA DE LARA NORTE","CALLE","NICOLAS ESPARZA SUSTAITA NORTE","CALLE","ANDRÉS DELGADO DE LIRA","303","B",,,,,"COLONIA","PROGRESO NORTE",,,,"20678","01","AGUASCALIENTES","006","Pabellón de Arteaga","0001","Pabellón de Arteaga","0051","004",,,,"Fijo","22.14725005","-102.28451136","2019-11"
"7703344","01003722412000221000000000U9","CASA ANTIGUA BAR CAFE",,"722412","Bares, cantinas y similares","0 a 5 personas","CALLE","ZARAGOZA","CALLE","CENTENARIO","CALLE","CRISTOBAL COLON","CALLE","JESÚS GÓMEZ PORTUGAL","100",,"PASAJE Y ANDADOR COMERCIAL","PASAJE",,,"COLONIA","CENTRO","PASAJE Y ANDADOR COMERCIAL","LA CASONA DE LARA","100","20800","01","AGUASCALIENTES","003","Calvillo","0001","Calvillo","0204","031","4497698583",,,"Fijo","21.84611227","-102.71764965","2019-11"
"6813227","01001722511001592010003311S5","CITY EXPRESS AGS_38593","CAFE SIRENA S DE RL DE CV","722515","Cafeterías, fuentes de sodas, neverías, refresquerías y similares","11 a 30 personas","BOULEVARD","JOSÉ MARÍA CHÁVEZ","AVENIDA","CAROLINA VILLANUEVA DE GARCÍA","AVENIDA","AVENIDA SIGLO XXI","AVENIDA","MAHATMA GANDHI","1919",,,,,,"COLONIA","COLONIA JARDINES DEL SUR","EDIFICIO COMERCIAL Y DE SERVICIOS","CITY EXPRESS AGUASCALIENTES","SN","20280","01","AGUASCALIENTES","001","Aguascalientes","0001","Aguascalientes","1477","029",,"TUOPINION@STARBUCKS.COM.MX","WWW.STARBUCKS.COM.MX","Fijo","21.84164529","-102.28992917","2017-11"
"6282386","01001722219021141021003311S7","COLOSIO_38273","CAFE SIRENA S DE RL DE CV","722515","Cafeterías, fuentes de sodas, neverías, refresquerías y similares","6 a 10 personas","PROLONGACION","GENERAL IGNACIO ZARAGOZA","BOULEVARD","LUIS DONALDO COLOSIO","CALLE","POTREROS","CALLE","MONTE BLANCO","101",,,,,,"FRACCIONAMIENTO","LAS TROJES",,,,"20115","01","AGUASCALIENTES","001","Aguascalientes","0001","Aguascalientes","2386","009",,"TUOPINION@STARBUCKS.COM.MX","WWW.STARBUCKS.COM.MX","Fijo","21.92509266","-102.30472122","2010-07"
"33471","01001722515000871000000000U5","DOKS CAFE",,"722515","Cafeterías, fuentes de sodas, neverías, refresquerías y similares","0 a 5 personas","AVENIDA","QUINTA","CALLE","REPUBLICA DE HONDURAS","CALLE","REPUBLICA DEL PERU","CALLE","REPÚBLICA DE ARGENTINA","702",,"HOSPITAL, CENTRO MEDICO O CLINICA","PLANTA BAJA","105",,"FRACCIONAMIENTO","AGRICULTURA","HOSPITAL, CENTRO MEDICO O CLINICA","TORREMEDICA CMQ","105","20234","01","AGUASCALIENTES","001","Aguascalientes","0001","Aguascalientes","0869","015",,"DOKSCAFE@HOTMAIL.COM",,"Fijo","21.86318602","-102.2988874","2014-12"
"7666815","01001722515008261000000000U1","EL CIELO CAFE",,"722515","Cafeterías, fuentes de sodas, neverías, refresquerías y similares","0 a 5 personas","CALLE","RIVERO Y GUTIERREZ","PEATONAL","BENITO JUAREZ","CALLE","5 DE MAYO","PEATONAL","ALLENDE ORIENTE","110",,,,,,"COLONIA","ZONA CENTRO",,,,"20000","01","AGUASCALIENTES","001","Aguascalientes","0001","Aguascalientes","0638","014","4498949678",,,"Fijo","21.8830197","-102.2969354","2019-11"
"8525341","01001722515008381000000000U7","FAT CAT CAFE Y DESAYUNOS",,"722515","Cafeterías, fuentes de sodas, neverías, refresquerías y similares","0 a 5 personas","AVENIDA","FRANCISCO I. MADERO","CALLE","ENRIQUE M. DEL VALLE","CALLE","COSIO SUR","CALLE","ENRIQUE M. DEL VALLE","507",,,,,,"BARRIO","DE LA PURISIMA",,,,"20259","01","AGUASCALIENTES","001","Aguascalientes","0001","Aguascalientes","0642","007",,,,"Fijo","21.88340683","-102.28741202","2019-11"
"6923917","01001722515007721000000000U5","GOSSET CAFE BOUTIQUE",,"722515","Cafeterías, fuentes de sodas, neverías, refresquerías y similares","0 a 5 personas","CALLE","GENERAL ALVARO OBREGON","CALLE","GRECIA","CALLE","VASCO DE GAMA","CALLE","NARCISO MENDOZA","441",,,,,,"COLONIA","ZONA CENTRO",,,,"20000","01","AGUASCALIENTES","001","Aguascalientes","0001","Aguascalientes","0549","021",,"ISABBEL.PEREZ@GMAIL.COM",,"Fijo","21.88897114","-102.28992194","2019-11"
"27500","01006722212000261000000000U2","JUGOS Y CAFE EL PISTACHE",,"722515","Cafeterías, fuentes de sodas, neverías, refresquerías y similares","0 a 5 personas","AVENIDA","16 DE SEPTIEMBRE","CALLE","NINGUNO","CALLE","HEROICO COLEGIO MILITAR","CALLE","JOSÉ ADOLFO VILLEGAS BELAUZARÁN","101",,,,,"101","COLONIA","CENTRO",,,,"20670","01","AGUASCALIENTES","006","Pabellón de Arteaga","0001","Pabellón de Arteaga","009A","044",,,,"Fijo","22.14671465","-102.27508864","2010-07"
"614","01003722219000601000000000U1","KALI CAFE",,"722412","Bares, cantinas y similares","0 a 5 personas","CALLE","BENITO JUAREZ","CALLE","CRISTOBAL COLON","CALLE","IGNACIO LOPEZ RAYON","CALLE","ZARAGOZA","211",,,,"0",,"COLONIA","CENTRO",,,,"20800","01","AGUASCALIENTES","003","Calvillo","0001","Calvillo","0187","023","4959561136",,,"Fijo","21.8471825","-102.71667798","2010-07"
"36719","01001722515005061000000000U8","KULTUR KLEIN CAFE CAFETERIA",,"722515","Cafeterías, fuentes de sodas, neverías, refresquerías y similares","0 a 5 personas","PEATONAL","VENUSTIANO CARRANZA","PEATONAL","PEATONAL DEL CODO","CALLE","MARIANO MATAMOROS NORTE","CALLE","GENERAL IGNACIO ALLENDE","101",,,,,,"COLONIA","ZONA CENTRO",,,,"20000","01","AGUASCALIENTES","001","Aguascalientes","0001","Aguascalientes","0623","004",,,,"Fijo","21.88055622","-102.29782852","2014-12"
"6912319","01001722519006001000000000U5","LA BAGUETERIA CAFE SNACK Y MORE",,"722519","Servicios de preparación de otros alimentos para consumo inmediato","0 a 5 personas","CALLE","PASEO SAN GERARDO","OTRO (ESPECIFIQUE)","NINGUNO","CALLE","DELICETO","CALLE","BENEDICTO XVI",,"SN",,,,,"FRACCIONAMIENTO","SAN GERARDO",,,,"20342","01","AGUASCALIENTES","001","Aguascalientes","0001","Aguascalientes","1227","001","4499196278",,,"Fijo","21.80540352","-102.29514701","2019-11"
"32985","01001722515003281000000000U4","LA BODEGUITA CAFE",,"722515","Cafeterías, fuentes de sodas, neverías, refresquerías y similares","0 a 5 personas","AVENIDA","AYUNTAMIENTO","AVENIDA","CONVENCION DE 1914 SUR","PRIVADA","NINGUNO","CALLE","ACUEDUCTO","111",,"HOSPITAL, CENTRO MEDICO O CLINICA","PLANTA BAJA","0",,"FRACCIONAMIENTO","LA SALUD","HOSPITAL, CENTRO MEDICO O CLINICA","LA SALUD","111","20240","01","AGUASCALIENTES","001","Aguascalientes","0001","Aguascalientes","0892","028",,,,"Fijo","21.86686091","-102.28342954","2014-12"
"23451","01001722515003331010000000U7","LA TRATTORIA PASTA & CAFE RESTAURANTE",,"722511","Restaurantes con servicio de preparación de alimentos a la carta o de comida corrida","0 a 5 personas","CALLE","JOSE MARIA CHAVEZ","CALLE","NIETO","CALLE","RAYON","CALLE","GALEANA SUR","123",,"CENTRO Y PLAZA COMERCIAL","PISO 1","16",,"COLONIA","ZONA CENTRO","CENTRO Y PLAZA COMERCIAL","CENTRO COMERCIAL PLAZA PATRIA","16","20000","01","AGUASCALIENTES","001","Aguascalientes","0001","Aguascalientes","0695","020",,,,"Fijo","21.87937679","-102.2962751","2010-07"
"8463464","01001722515007501000000000U1","MAMBA CAFE",,"722515","Cafeterías, fuentes de sodas, neverías, refresquerías y similares","0 a 5 personas","AVENIDA","FRANCISCO I. MADERO","CALLE","GENERAL IGNACIO ZARAGOZA","CALLE","COSIO SUR","CALLE","JUAN DE MONTORO","445",,,,,,"COLONIA","ZONA CENTRO",,,,"20000","01","AGUASCALIENTES","001","Aguascalientes","0001","Aguascalientes","0642","009",,,,"Fijo","21.88296436","-102.28894117","2019-11"
"8499727","01001722515008842000000000U8","MIRAVELA S RESTAURANTE Y CAFE",,"722515","Cafeterías, fuentes de sodas, neverías, refresquerías y similares","6 a 10 personas","PROLONGACION","GENERAL IGNACIO ZARAGOZA","CALLE","MONTECRISTO","CALLE","SILOS","CALLE","TRAPICHE","801","A",,,,,"FRACCIONAMIENTO","VILLAS DE LAS TROJES",,,,"20115","01","AGUASCALIENTES","001","Aguascalientes","0001","Aguascalientes","2386","011",,,,"Fijo","21.9284279","-102.30506411","2019-11"
"25610","01001722110000912001000000U7","RESTAURANT CAFE EL OASIS",,"722511","Restaurantes con servicio de preparación de alimentos a la carta o de comida corrida","31 a 50 personas","PEATONAL","Benito Juárez","CALLE","Rivero y Gutiérrez","PEATONAL","Allende Oriente","CALLE","5 de Mayo","3105",,,,"0",,"COLONIA","CENTRO",,,,"20000","01","AGUASCALIENTES","001","Aguascalientes","0001","Aguascalientes","0638","014",,"RESTOASIS00@GMAIL.COM",,"Fijo","21.88307843","-102.29616596","2013-07"
"7702815","01001722515007261000000000U2","RIGBY CAFE",,"722515","Cafeterías, fuentes de sodas, neverías, refresquerías y similares","0 a 5 personas","CALLE","MONTE BLANCO","BOULEVARD","LUIS DONALDO COLOSIO","CALLE","CORDILLERA DE LOS ALPES NORTE","AVENIDA","INDEPENDENCIA","507",,,,"0",,"FRACCIONAMIENTO","JARDINES DE LA CONCEPCION II",,,,"20120","01","AGUASCALIENTES","001","Aguascalientes","0001","Aguascalientes","2403","029",,,,"Fijo","21.92447958","-102.3013924","2019-11"
"9064383","01001722515009131000000000U5","ROSETTA CAFE",,"722515","Cafeterías, fuentes de sodas, neverías, refresquerías y similares","0 a 5 personas","CALLE","RIO SENA","CALLE","RIO COLORADO","CALLE","RIO BRAVO","CALLE","RÍO AMAZONAS","203","B",,,,,"FRACCIONAMIENTO","COLINAS DEL RIO",,,,"20010","01","AGUASCALIENTES","001","Aguascalientes","0001","Aguascalientes","2028","010","4494149154",,,"Fijo","21.89399541","-102.31955872","2019-11"
"36798","01001722219021802001000000M4","ROSINAL CAFE",,"722515","Cafeterías, fuentes de sodas, neverías, refresquerías y similares","11 a 30 personas","PEATONAL","VENUSTIANO CARRANZA","CALLE","GENERAL VICENTE GUERRERO NORTE","CALLE","GALEANA NORTE","CALLE","NIETO","108",,,,,,"COLONIA","ZONA CENTRO",,,,"20000","01","AGUASCALIENTES","001","Aguascalientes","0001","Aguascalientes","0623","005",,,,"Fijo","21.88037094","-102.29839358","2010-07"
"7043433","01001722515007151000000000U5","SABORES CAFE",,"722515","Cafeterías, fuentes de sodas, neverías, refresquerías y similares","0 a 5 personas","AVENIDA","VALLARTA","CALLE","VALLARTA 204","CALLE","VALLARTA 210","CALLE","GRAN CAÑÓN","46","A",,,,,"FRACCIONAMIENTO","BALCONES DE ORIENTE",,,,"20196","01","AGUASCALIENTES","001","Aguascalientes","0001","Aguascalientes","3609","001",,,,"Fijo","21.88192462","-102.23617835","2019-11"
"8540464","01001722515008422000000000U9","STAR CON CAFE",,"722515","Cafeterías, fuentes de sodas, neverías, refresquerías y similares","6 a 10 personas","AVENIDA","FRANCISCO I. MADERO","CALLE","JOSE MARIA MORELOS Y PAVON","CALLE","MIGUEL HIDALGO Y COSTILLA","CALLE","JUAN DE MONTORO","209",,,,,,"COLONIA","ZONA CENTRO",,,,"20000","01","AGUASCALIENTES","001","Aguascalientes","0001","Aguascalientes","0638","006",,"STARCONCAFE@GMAIL.COM",,"Fijo","21.881524","-102.29426698","2019-11"
"6795794","01001722219024441011003311S8","STARBUCKS 275","CAFE SIRENA S DE RL DE CV","722515","Cafeterías, fuentes de sodas, neverías, refresquerías y similares","0 a 5 personas","BOULEVARD","A ZACATECAS","AVENIDA","SIGLO XXI","VIADUCTO","NINGUNO","VIADUCTO","NINGUNO","2",,,,,,"COLONIA","TROJES DE ALONSO","PASAJE Y ANDADOR COMERCIAL","ALTARIA AGUASCALIENTES","SN","20115","01","AGUASCALIENTES","001","Aguascalientes","0001","Aguascalientes","1320","066",,"TUOPINION@STARBUCKS.COM.MX","WWW.STARBUCKS.COM.MX","Fijo","21.92311236","-102.29013691","2017-03"
"6282387","01001722219005001002003311S3","STARBUCKS SUC 38275","CAFE SIRENA S DE RL DE CV","722515","Cafeterías, fuentes de sodas, neverías, refresquerías y similares","6 a 10 personas","CALLE","ZACATECAS","CALLE","TALA","CALLE","CIRCE","AVENIDA","HEROE DE NACOZARI","849",,,,,,"FRACCIONAMIENTO","TROJES DE ALONSO","CENTRO Y PLAZA COMERCIAL","ALTARIA AGUASCALIENTES","SN","20115","01","AGUASCALIENTES","001","Aguascalientes","0001","Aguascalientes","1320","066",,"TUOPINION@STARBUCKS.COM.MX","WWW.STARBUCKS.COM.MX","Fijo","21.923156","-102.29017624","2010-07"
"8765873","01001722515005471000000000U9","TEATRO CAFE",,"722515","Cafeterías, fuentes de sodas, neverías, refresquerías y similares","0 a 5 personas","CALLE","CONSTITUCION","AVENIDA","FRANCISCO I. MADERO","CALLE","PODER LEGISLATIVO","CALLE","PODER LEGISLATIVO",,"SN",,,,,"BARRIO","LA PURISIMA",,,,"20259","01","AGUASCALIENTES","001","Aguascalientes","0001","Aguascalientes","0657","006","4491577858","ARTEESCENICOELOMBLIGO@GMAIL.COM",,"Fijo","21.88469725","-102.28300011","2019-11"
"8915992","01003722515000331000000000U6","TIENDA DE JUGOS FRUTAS Y CAFE",,"722515","Cafeterías, fuentes de sodas, neverías, refresquerías y similares","0 a 5 personas","CALLE","GUANAJUATO","CALLE","5 DE MAYO","PROLONGACION","INDEPENDENCIA","CALLE","ABASOLO",,"SN",,,,,"COLONIA","LOS ANGELES",,,,"20800","01","AGUASCALIENTES","003","Calvillo","0001","Calvillo","0187","040",,,,"Fijo","21.84495888","-102.72300999","2019-11"
"6923548","01001722515007631000000000U6","TREE HOSE CAFE",,"722515","Cafeterías, fuentes de sodas, neverías, refresquerías y similares","0 a 5 personas","CALLE","RIVERO Y GUTIERREZ","PEATONAL","BENITO JUAREZ","CALLE","5 DE MAYO","PEATONAL","ALLENDE ORIENTE","118",,"PLAZA Y CENTRO COMERCIAL","PISO 1","407",,"COLONIA","ZONA CENTRO","CENTRO Y PLAZA COMERCIAL","PLAZA DE LA TECNOLOGIA","407","20000","01","AGUASCALIENTES","001","Aguascalientes","0001","Aguascalientes","0638","014","4494964806","AVILAB@GMAIL.COM",,"Fijo","21.88298985","-102.29700615","2019-11"
"3022","01005722515000151001000000U3","TU TAZZITA CAFÉ",,"722515","Cafeterías, fuentes de sodas, neverías, refresquerías y similares","6 a 10 personas","CALLE","BENITO JUAREZ","CALLE","IGNACIO ALLENDE","CALLE","MARIANO MATAMOROS","CALZADA","EMILIANO ZAPATA","203","A",,,,,"COLONIA","CENTRO",,,,"20900","01","AGUASCALIENTES","005","Jesús María","0001","Jesús María","0020","042","4492562315","PAUL_SHIKETE@HOTMAIL.COM",,"Fijo","21.96214717","-102.34439033","2010-07"
"7702746","01001722515007251000000000U3","VENERDI CAFE",,"722515","Cafeterías, fuentes de sodas, neverías, refresquerías y similares","0 a 5 personas","AVENIDA","FUNDICION","CALLE","SEGUNDA PRIVADA FUNDICION","CALLE","SAN RAFAEL","CALLE","SANTO TOMÁS","2007",,,,"0",,"FRACCIONAMIENTO","SAN CAYETANO",,,,"20010","01","AGUASCALIENTES","001","Aguascalientes","0001","Aguascalientes","0286","017","4491449035","VERENDICAFE@GMAIL.COM",,"Fijo","21.898904","-102.3134318","2019-11"
"9347650","01007722515000581000000000U7","VENTA MEDICINA ALTERNATIVA CAFE",,"722515","Cafeterías, fuentes de sodas, neverías, refresquerías y similares","0 a 5 personas","AVENIDA","MORELOS","AVENIDA","CONSTITUCION DE 1917","CALLE","EDEN","CALLE","MIGUEL HIDALGO",,"SN",,,,,"COLONIA","CENTRO",,,,,"01","AGUASCALIENTES","007","Rincón de Romos","0001","Rincón de Romos","0059","005",,,,"Fijo","22.22672398","-102.32164647","2021-05"
"6923217","01001722515007551000000000U6","VIVA CAFE",,"722515","Cafeterías, fuentes de sodas, neverías, refresquerías y similares","0 a 5 personas","CALLE","RIVERO Y GUTIERREZ","PEATONAL","BENITO JUAREZ","CALLE","JOSE MARIA MORELOS Y PAVON","PEATONAL","ALLENDE ORIENTE",,"SN","CENTRO Y PLAZA COMERCIAL","PISO 1",,,"COLONIA","ZONA CENTRO","CENTRO Y PLAZA COMERCIAL","CENTRO COMERCIAL EL PARIAN","SN","20000","01","AGUASCALIENTES","001","Aguascalientes","0001","Aguascalientes","0638","009",,,,"Semifijo","21.88350828","-102.29571927","2019-11"
"20781","01001722219010721000000000M9","VIVA CAFE",,"722515","Cafeterías, fuentes de sodas, neverías, refresquerías y similares","0 a 5 personas","CALLE","RIVERO Y GUTIERREZ","PEATONAL","BENITO JUAREZ","CALLE","JOSE MARIA MORELOS Y PAVON","PEATONAL","ALLENDE ORIENTE",,"SN","CENTRO Y PLAZA COMERCIAL","SOTANO 1",,,"COLONIA","ZONA CENTRO","CENTRO Y PLAZA COMERCIAL","CENTRO COMERCIAL EL PARIAN","SN","20000","01","AGUASCALIENTES","001","Aguascalientes","0001","Aguascalientes","0638","009",,,,"Semifijo","21.88350828","-102.29571927","2010-07"
"36709","01001722515003452000000000U1","VUELO 76 CAFE & CREPAS",,"722515","Cafeterías, fuentes de sodas, neverías, refresquerías y similares","6 a 10 personas","PEATONAL","VENUSTIANO CARRANZA","PEATONAL","PEATONAL DEL CODO","CALLE","MARIANO MATAMOROS NORTE","CALLE","GENERAL IGNACIO ALLENDE","107",,,,,,"COLONIA","ZONA CENTRO",,,,"20000","01","AGUASCALIENTES","001","Aguascalientes","0001","Aguascalientes","0623","004",,"CAFE@VUELO76.COM",,"Fijo","21.88042272","-102.29905212","2014-12"
